clients,dataset,exact_shapley_fully_covered,feasible,game_id,grand_worth,interaction_surplus,max_player_width,mean_player_width,nonempty_coordinate_intervals,nonnegative_pair_mass,nonnegative_singletons,nonnegative_triple_mass,normalized_sum_width,pair_mass,phase,slice_lower_bound,slice_upper_bound,source,sum_player_width,tolerance,triple_mass
8,fashion_mnist,,False,0,0.028373939841681454,-0.0005466505761745413,,,False,False,True,True,,-0.0005584704788971426,development,False,False,confirmatory-20260903,,1e-09,1.181990272260125e-05
8,fashion_mnist,,False,3,0.08914567164276556,-0.004568591443833134,,,False,False,True,True,,-0.005158241023558843,development,False,False,confirmatory-20260903,,1e-09,0.0005896495797257095
8,fashion_mnist,,False,6,0.005838068406410548,0.0013111072032395716,,,False,True,True,False,,0.001342936716885906,development,False,False,confirmatory-20260903,,1e-09,-3.182951364633438e-05
8,fashion_mnist,,False,9,0.021382057378239828,0.011902945822277789,,,False,True,False,False,,0.012896552558120694,development,False,False,confirmatory-20260903,,1e-09,-0.0009936067358429015
8,fashion_mnist,,False,12,0.028373939841681454,-0.00044026114974838465,,,False,False,True,False,,-0.0004280094158423328,development,False,False,confirmatory-20260903,,1e-09,-1.2251733906051832e-05
8,fashion_mnist,,False,15,0.08554244254625631,-0.003461780309190199,,,False,False,True,False,,-0.003388346789630514,development,False,False,confirmatory-20260903,,1e-09,-7.343351955968469e-05
8,fashion_mnist,,False,18,0.005838068406410546,0.0011464669234119151,,,False,True,True,False,,0.0011664417779293501,development,False,False,confirmatory-20260903,,1e-09,-1.997485451743497e-05
8,fashion_mnist,,False,21,0.020774046712159547,0.00913527023859895,,,False,True,False,False,,0.009634166822096068,development,False,False,confirmatory-20260903,,1e-09,-0.0004988965834971174
8,fashion_mnist,,False,24,0.028373939841681458,-0.0006127577104237981,,,False,False,True,False,,-0.0006079196439086158,development,False,False,confirmatory-20260903,,1e-09,-4.8380665151823155e-06
8,fashion_mnist,,False,27,0.084786490932518,-0.005640064177942272,,,False,False,True,True,,-0.005875585643602355,development,False,False,confirmatory-20260903,,1e-09,0.00023552146566008236
8,fashion_mnist,,False,30,0.005838068406410545,0.0010213190494613436,,,False,True,False,False,,0.0010473414192919668,development,False,False,confirmatory-20260903,,1e-09,-2.6022369830623268e-05
8,fashion_mnist,,False,33,0.020097296246842318,0.0070368382012261435,,,False,True,False,False,,0.007647013865859774,development,False,False,confirmatory-20260903,,1e-09,-0.0006101756646336304
8,fashion_mnist,,False,36,0.02837393984168146,-0.0006120795955839586,,,False,False,True,False,,-0.000599022643320235,development,False,False,confirmatory-20260903,,1e-09,-1.3056952263723609e-05
8,fashion_mnist,,False,39,0.09931824771331821,-0.006830065421599363,,,False,False,True,True,,-0.0069842350541921006,development,False,False,confirmatory-20260903,,1e-09,0.00015416963259273775
8,fashion_mnist,,False,42,0.005838068406410547,0.0008585142675148214,,,False,True,False,False,,0.0008735653797455915,development,False,False,confirmatory-20260903,,1e-09,-1.5051112230770117e-05
8,fashion_mnist,,False,45,0.022718921579537917,0.009655338271977062,,,False,True,False,False,,0.010289613301449497,development,False,False,confirmatory-20260903,,1e-09,-0.000634275029472435
8,fashion_mnist,,False,48,0.028373939841681458,-0.0004041334423431388,,,False,False,True,False,,-0.00038710755693739315,development,False,False,confirmatory-20260903,,1e-09,-1.7025885405745622e-05
8,fashion_mnist,,False,51,0.09427325598257483,-0.0037098814041996164,,,False,False,True,False,,-0.0036565209199652393,development,False,False,confirmatory-20260903,,1e-09,-5.3360484234377115e-05
8,fashion_mnist,,False,54,0.005838068406410546,0.000776097890703098,,,False,True,False,False,,0.000788617511335632,development,False,False,confirmatory-20260903,,1e-09,-1.2519620632533979e-05
8,fashion_mnist,,False,57,0.022060478974508135,0.006956357961592885,,,False,True,False,False,,0.007231197293136482,development,False,False,confirmatory-20260903,,1e-09,-0.0002748393315435971
8,fashion_mnist,,False,60,0.028373939841681454,-0.00047901171308140783,,,False,False,True,False,,-0.0004311287593512722,development,False,False,confirmatory-20260903,,1e-09,-4.7882953730135625e-05
8,fashion_mnist,,False,63,0.10749390397077452,-0.005126274069936709,,,False,False,True,False,,-0.002933875011605136,development,False,False,confirmatory-20260903,,1e-09,-0.0021923990583315733
8,fashion_mnist,,False,66,0.005838068406410547,0.00024855923795752497,,,False,True,True,False,,0.00024998916504126705,development,False,False,confirmatory-20260903,,1e-09,-1.4299270837420802e-06
8,fashion_mnist,,False,69,0.024476704947469112,0.001744743233939687,,,False,True,True,False,,0.0017958875048867742,development,False,False,confirmatory-20260903,,1e-09,-5.114427094708718e-05
8,fashion_mnist,,False,72,0.02837393984168146,-0.0005049787769306757,,,False,False,True,False,,-0.00046592074556295326,development,False,False,confirmatory-20260903,,1e-09,-3.905803136772246e-05
8,fashion_mnist,,False,75,0.10452812810388436,-0.004259143292406273,,,False,False,True,False,,-0.0029294983447111927,development,False,False,confirmatory-20260903,,1e-09,-0.00132964494769508
8,fashion_mnist,False,True,78,0.005838068406410548,0.00019993488063130456,2.0999162878877764e-07,2.0999162878877764e-07,True,True,True,True,0.00028775494103114644,0.0001986749308585719,development,True,True,confirmatory-20260903,1.6799330303102211e-06,1e-09,1.2599497727326658e-06
8,fashion_mnist,False,True,81,0.024419903606901834,0.0020194669732118767,1.221177423384439e-05,1.2211774233844119e-05,True,True,True,True,0.004000597030986678,0.001946196327808812,development,True,True,confirmatory-20260903,9.769419387075295e-05,1e-09,7.32706454030646e-05
8,fashion_mnist,,False,84,0.028373939841681458,-0.00040938937802481937,,,False,False,True,False,,-0.00037390168453900127,development,False,False,confirmatory-20260903,,1e-09,-3.5487693485818095e-05
8,fashion_mnist,,False,87,0.10443845354521354,-0.0033908794597664466,,,False,False,True,False,,-0.0023587276871264856,development,False,False,confirmatory-20260903,,1e-09,-0.001032151772639961
8,fashion_mnist,,False,90,0.005838068406410544,0.0003069736264096328,,,False,True,True,True,,0.00030540581354498476,development,True,True,confirmatory-20260903,,1e-09,1.5678128646480494e-06
8,fashion_mnist,False,True,93,0.02422284456019163,0.003291815953936454,1.9705945258299655e-05,1.692453578461439e-05,True,True,True,True,0.005589611324750803,0.003173580282386658,development,True,True,confirmatory-20260903,0.00013539628627691513,1e-09,0.0001182356715497962
8,fashion_mnist,,False,96,0.028373939841681472,-0.0005378728424558672,,,False,False,True,False,,-0.0005124846024041306,development,False,False,confirmatory-20260903,,1e-09,-2.538824005173662e-05
8,fashion_mnist,,False,99,0.10106002624351407,-0.004954197158876572,,,False,False,True,False,,-0.004523056768827249,development,False,False,confirmatory-20260903,,1e-09,-0.0004311403900493227
8,fashion_mnist,,False,102,0.005838068406410547,0.0004359183741837755,,,False,True,True,False,,0.0004383236347976797,development,False,False,confirmatory-20260903,,1e-09,-2.4052606139041838e-06
8,fashion_mnist,,False,105,0.023672428577521054,0.00408542877439011,,,False,True,True,False,,0.004119040043925493,development,False,False,confirmatory-20260903,,1e-09,-3.361126953538296e-05
8,fashion_mnist,,False,108,0.028373939841681454,-0.0004514628142347002,,,False,False,True,False,,-0.00041104068303179225,development,False,False,confirmatory-20260903,,1e-09,-4.042213120290794e-05
8,fashion_mnist,,False,111,0.1040182495313261,-0.0036558347677408953,,,False,False,True,False,,-0.002529018319238463,development,False,False,confirmatory-20260903,,1e-09,-0.0011268164485024323
8,fashion_mnist,False,True,114,0.0058380684064105485,0.00024368821254583655,1.6174417031568876e-07,1.6174417031560744e-07,True,True,True,True,0.00022164066472437708,0.00024271774752394285,development,True,True,confirmatory-20260903,1.2939533625248596e-06,1e-09,9.704650218936989e-07
8,fashion_mnist,,False,117,0.024593444420643044,0.00253335152255452,,,False,True,True,True,,0.0024853747379337647,development,True,True,confirmatory-20260903,,1e-09,4.797678462075544e-05
8,fashion_mnist,,False,120,0.02837393984168147,-0.00043236478944318896,,,False,False,True,False,,-0.0003744447262318054,development,False,False,confirmatory-20260903,,1e-09,-5.7920063211383543e-05
8,fashion_mnist,,False,123,0.11450827935163987,-0.003430354527210966,,,False,False,True,False,,-0.00014558543723874884,development,False,False,confirmatory-20260903,,1e-09,-0.003284769089972217
8,fashion_mnist,,False,126,0.005838068406410543,-2.260626495631784e-05,,,False,False,True,False,,-2.243369088506756e-05,development,False,False,confirmatory-20260903,,1e-09,-1.7257407125027824e-07
8,fashion_mnist,,False,129,0.026653018632360463,-0.0007613428739792275,,,False,False,True,False,,-0.0007353413913360404,development,False,False,confirmatory-20260903,,1e-09,-2.6001482643187024e-05
8,fashion_mnist,,False,132,0.028373939841681465,-0.0004377123104161128,,,False,False,True,False,,-0.0003787768127308973,development,False,False,confirmatory-20260903,,1e-09,-5.89354976852155e-05
8,fashion_mnist,,False,135,0.11465021367476654,-0.003571298806739162,,,False,False,True,False,,-0.0002803220473884954,development,False,False,confirmatory-20260903,,1e-09,-0.0032909767593506667
8,fashion_mnist,,False,138,0.005838068406410545,-2.3105931057255426e-05,,,False,False,True,False,,-2.296459228634789e-05,development,False,False,confirmatory-20260903,,1e-09,-1.41338770907537e-07
8,fashion_mnist,,False,141,0.026621866830727085,-0.000750606890240986,,,False,False,True,False,,-0.0007255344319633469,development,False,False,confirmatory-20260903,,1e-09,-2.5072458277639043e-05
8,fashion_mnist,,False,144,0.028373939841681454,-0.00043320620395437964,,,False,False,True,False,,-0.0003747011067044767,development,False,False,confirmatory-20260903,,1e-09,-5.850509724990294e-05
8,fashion_mnist,,False,147,0.1148466336439252,-0.003474172154237093,,,False,False,True,False,,-0.00014265568689394992,development,False,False,confirmatory-20260903,,1e-09,-0.003331516467343143
8,fashion_mnist,,False,150,0.005838068406410548,-3.0211709369230497e-05,,,False,False,True,False,,-2.9981341040480683e-05,development,False,False,confirmatory-20260903,,1e-09,-2.3036832874981372e-07
8,fashion_mnist,,False,153,0.026701343854404695,-0.0008398698177327704,,,False,False,True,False,,-0.0008111393226018157,development,False,False,confirmatory-20260903,,1e-09,-2.8730495130954714e-05
8,fashion_mnist,,False,156,0.02837393984168146,-0.00043744442584903176,,,False,False,True,False,,-0.00037794295237347786,development,False,False,confirmatory-20260903,,1e-09,-5.95014734755539e-05
8,fashion_mnist,,False,159,0.11477505170836164,-0.003617658552514863,,,False,False,True,False,,-0.0003047526488179908,development,False,False,confirmatory-20260903,,1e-09,-0.003312905903696872
8,fashion_mnist,,False,162,0.005838068406410545,-3.34313424931185e-05,,,False,False,True,False,,-3.318307662991942e-05,development,False,False,confirmatory-20260903,,1e-09,-2.4826586319907917e-07
8,fashion_mnist,,False,165,0.02670631880599195,-0.0008539475205226986,,,False,False,True,False,,-0.000823173771022135,development,False,False,confirmatory-20260903,,1e-09,-3.077374950056361e-05
8,fashion_mnist,,False,168,0.02837393984168147,-0.0004387885890122442,,,False,False,True,False,,-0.00038005659991311586,development,False,False,confirmatory-20260903,,1e-09,-5.873198909912836e-05
8,fashion_mnist,,False,171,0.11450972299190354,-0.003638410483341792,,,False,False,True,False,,-0.0003956928013355565,development,False,False,confirmatory-20260903,,1e-09,-0.0032427176820062353
8,fashion_mnist,,False,174,0.005838068406410544,-1.7101984410407625e-05,,,False,False,True,False,,-1.6946114765442263e-05,development,False,False,confirmatory-20260903,,1e-09,-1.5586964496536182e-07
8,fashion_mnist,,False,177,0.02663262768015883,-0.0006426718804482048,,,False,False,True,False,,-0.0006141703034270515,development,False,False,confirmatory-20260903,,1e-09,-2.85015770211533e-05
8,fashion_mnist,,False,0,0.14338702879290147,-0.010403484172723826,,,False,False,True,False,,-0.009996573716419072,development,False,False,confirmatory-large-update-20260903,,1e-09,-0.0004069104563047543
8,fashion_mnist,,False,3,0.18663854367865454,-0.020176346026060415,,,False,False,True,False,,-0.019565945988366612,development,False,False,confirmatory-large-update-20260903,,1e-09,-0.0006104000376938035
8,fashion_mnist,,False,6,0.03282866609862124,0.014319669534408566,,,False,True,False,False,,0.015348713945329925,development,False,False,confirmatory-large-update-20260903,,1e-09,-0.0010290444109213592
8,fashion_mnist,,False,9,0.04539597962313435,0.023069053437404508,,,False,True,False,False,,0.024953492581178516,development,False,False,confirmatory-large-update-20260903,,1e-09,-0.0018844391437740082
8,fashion_mnist,,False,12,0.1501269154213152,-0.003515781036576543,,,False,False,True,True,,-0.0047795492126945505,development,False,False,confirmatory-large-update-20260903,,1e-09,0.0012637681761180075
8,fashion_mnist,,False,15,0.20486889673252692,-0.00434484978982333,,,False,False,True,True,,-0.007372115885693503,development,False,False,confirmatory-large-update-20260903,,1e-09,0.0030272660958701736
8,fashion_mnist,,False,18,0.040482270859445,0.01517441247556861,,,False,True,True,True,,0.014426237450067436,development,True,True,confirmatory-large-update-20260903,,1e-09,0.0007481750255011743
8,fashion_mnist,,False,21,0.06216951596893061,0.023828216536666225,,,False,True,True,True,,0.021696361859591784,development,True,True,confirmatory-large-update-20260903,,1e-09,0.0021318546770744407
8,fashion_mnist,,False,24,0.13429504458652194,-0.002428555584644526,,,False,False,True,False,,-0.001542710900517802,development,False,False,confirmatory-large-update-20260903,,1e-09,-0.0008858446841267242
8,fashion_mnist,,False,27,0.1810881216721709,-0.0027859804339705196,,,False,False,True,False,,-0.0010128925964077717,development,False,False,confirmatory-large-update-20260903,,1e-09,-0.001773087837562748
8,fashion_mnist,,False,30,0.035113423785694264,0.008808219451939214,,,False,True,True,False,,0.009369888484064282,development,False,False,confirmatory-large-update-20260903,,1e-09,-0.0005616690321250672
8,fashion_mnist,,False,33,0.05092307770430728,0.012295244631305068,,,False,True,True,False,,0.012789548416250969,development,False,False,confirmatory-large-update-20260903,,1e-09,-0.0004943037849459014
8,fashion_mnist,,False,36,0.12025164251112444,-0.00820847284035417,,,False,False,True,False,,-0.00651566317789079,development,False,False,confirmatory-large-update-20260903,,1e-09,-0.0016928096624633793
8,fashion_mnist,,False,39,0.15646015334113939,-0.014690130842193727,,,False,False,True,False,,-0.010749448750445478,development,False,False,confirmatory-large-update-20260903,,1e-09,-0.003940682091748249
8,fashion_mnist,,False,42,0.030310752109166346,0.015363523848452083,,,False,True,False,False,,0.01709024095613223,development,False,False,confirmatory-large-update-20260903,,1e-09,-0.0017267171076801452
8,fashion_mnist,,False,45,0.042617915087526645,0.0235149125100481,,,False,True,False,False,,0.027011859965240984,development,False,False,confirmatory-large-update-20260903,,1e-09,-0.0034969474551928836
8,fashion_mnist,,False,48,0.1137633514335642,-0.00475659458651867,,,False,False,True,False,,-0.004437466087480746,development,False,False,confirmatory-large-update-20260903,,1e-09,-0.00031912849903792395
8,fashion_mnist,,False,51,0.14893762442498623,-0.0072085133763653275,,,False,False,True,False,,-0.006192593700510923,development,False,False,confirmatory-large-update-20260903,,1e-09,-0.0010159196758544042
8,fashion_mnist,,False,54,0.02938658963375075,0.013498614740533058,,,False,True,False,False,,0.015100290909019251,development,False,False,confirmatory-large-update-20260903,,1e-09,-0.0016016761684861935
8,fashion_mnist,,False,57,0.041467515414107634,0.018098303718830797,,,False,True,True,False,,0.02188420948532284,development,False,False,confirmatory-large-update-20260903,,1e-09,-0.0037859057664920426
8,fashion_mnist,,False,60,0.16724695324163127,-0.0010093419179858787,,,False,True,True,False,,0.004167490911863997,development,False,False,confirmatory-large-update-20260903,,1e-09,-0.005176832829849876
8,fashion_mnist,,False,63,0.24157408889956064,0.0017319654731222378,,,False,True,True,False,,0.025931827098975152,development,False,False,confirmatory-large-update-20260903,,1e-09,-0.024199861625852914
8,fashion_mnist,,False,66,0.04404348416363146,0.0035420292556485045,,,False,True,True,True,,0.0032151272585034807,development,True,True,confirmatory-large-update-20260903,,1e-09,0.00032690199714502377
8,fashion_mnist,,False,69,0.07064625659721013,0.0018645297657948756,,,False,True,True,True,,0.0009978725679810063,development,False,False,confirmatory-large-update-20260903,,1e-09,0.0008666571978138693
8,fashion_mnist,,False,72,0.1704021548964576,-0.0038532023072233024,,,False,True,True,False,,0.0037018243199410383,development,False,False,confirmatory-large-update-20260903,,1e-09,-0.007555026627164341
8,fashion_mnist,,False,75,0.24525407056487564,-0.006063488129392114,,,False,True,True,False,,0.015886913819506188,development,False,False,confirmatory-large-update-20260903,,1e-09,-0.0219504019488983
8,fashion_mnist,,False,78,0.04381200031129139,0.0028032366188235278,,,False,True,True,True,,0.002325862315733708,development,True,True,confirmatory-large-update-20260903,,1e-09,0.00047737430308981976
8,fashion_mnist,,False,81,0.07079579425021035,0.0012051390908580928,,,False,False,True,True,,-0.00030589920802795434,development,False,False,confirmatory-large-update-20260903,,1e-09,0.0015110382988860471
8,fashion_mnist,,False,84,0.1510517359916112,-0.00851699462699057,,,False,False,True,False,,-0.005940116741943557,development,False,False,confirmatory-large-update-20260903,,1e-09,-0.002576877885047013
8,fashion_mnist,,False,87,0.2066323501552707,-0.015539792442123335,,,False,False,True,False,,-0.008689698132880452,development,False,False,confirmatory-large-update-20260903,,1e-09,-0.006850094309242882
8,fashion_mnist,,False,90,0.03872178192215725,0.008794039235749285,,,False,True,False,False,,0.009233939233971977,development,False,False,confirmatory-large-update-20260903,,1e-09,-0.00043989999822269255
8,fashion_mnist,,False,93,0.05959094021802279,0.012018040796567084,,,False,True,False,False,,0.01294455076461383,development,False,False,confirmatory-large-update-20260903,,1e-09,-0.0009265099680467459
8,fashion_mnist,,False,96,0.16572711580407326,-0.009818902766604048,,,False,False,True,False,,-0.0028351124719871723,development,False,False,confirmatory-large-update-20260903,,1e-09,-0.006983790294616876
8,fashion_mnist,,False,99,0.22945846611537957,-0.021172247826320545,,,False,False,True,False,,-0.0015684376162367064,development,False,False,confirmatory-large-update-20260903,,1e-09,-0.01960381021008384
8,fashion_mnist,,False,102,0.03989489362497545,0.0036273518483886935,,,False,True,True,True,,0.00345727986459754,development,True,False,confirmatory-large-update-20260903,,1e-09,0.00017007198379115351
8,fashion_mnist,,False,105,0.06099923470078693,0.0016649636229851689,,,False,True,True,True,,0.0007961146799794899,development,False,False,confirmatory-large-update-20260903,,1e-09,0.0008688489430056789
8,fashion_mnist,,False,108,0.16132875717182885,-0.004168118176058416,,,False,True,True,False,,0.0004471088819011093,development,False,False,confirmatory-large-update-20260903,,1e-09,-0.004615227057959526
8,fashion_mnist,,False,111,0.22752956268794575,-0.007755609453251849,,,False,True,True,False,,0.005987999217182988,development,False,False,confirmatory-large-update-20260903,,1e-09,-0.013743608670434837
8,fashion_mnist,,False,114,0.04022519012957026,0.004575376474257202,,,False,True,True,True,,0.004205822609257372,development,True,True,confirmatory-large-update-20260903,,1e-09,0.00036955386499983034
8,fashion_mnist,,False,117,0.06213300161312897,0.00398958531217343,,,False,True,True,True,,0.002795630184069628,development,True,True,confirmatory-large-update-20260903,,1e-09,0.0011939551281038019
8,fashion_mnist,,False,120,0.18929060634518724,-0.004215082913368029,,,False,True,True,False,,0.013119595147443763,development,False,False,confirmatory-large-update-20260903,,1e-09,-0.017334678060811792
8,fashion_mnist,,False,123,0.2797737249540427,-0.008009098389191227,,,False,True,True,False,,0.05211590922986248,development,False,False,confirmatory-large-update-20260903,,1e-09,-0.060125007619053705
8,fashion_mnist,,False,126,0.04825148524150159,-0.003223412262297262,,,False,False,True,False,,-0.0030199343114863525,development,False,False,confirmatory-large-update-20260903,,1e-09,-0.0002034779508109097
8,fashion_mnist,,False,129,0.08105339106513886,-0.011086038315854987,,,False,False,True,False,,-0.010046727722730783,development,False,False,confirmatory-large-update-20260903,,1e-09,-0.0010393105931242042
8,fashion_mnist,,False,132,0.18966893651810116,-0.004321353345155016,,,False,True,True,False,,0.013031704339278,development,False,False,confirmatory-large-update-20260903,,1e-09,-0.017353057684433015
8,fashion_mnist,,False,135,0.2803258008757029,-0.008132314264020946,,,False,True,True,False,,0.05330420484932752,development,False,False,confirmatory-large-update-20260903,,1e-09,-0.061436519113348464
8,fashion_mnist,,False,138,0.04832420251394075,-0.0033027796264135795,,,False,False,True,False,,-0.0030830581763425097,development,False,False,confirmatory-large-update-20260903,,1e-09,-0.0002197214500710698
8,fashion_mnist,,False,141,0.08125341959235068,-0.011093478669456633,,,False,False,True,False,,-0.00995248394966626,development,False,False,confirmatory-large-update-20260903,,1e-09,-0.0011409947197903725
8,fashion_mnist,,False,144,0.18974895530126384,-0.00429787731628789,,,False,True,True,False,,0.013169032712778972,development,False,False,confirmatory-large-update-20260903,,1e-09,-0.017466910029066862
8,fashion_mnist,,False,147,0.2805789923356204,-0.008183164902018147,,,False,True,True,False,,0.05272768122125765,development,False,False,confirmatory-large-update-20260903,,1e-09,-0.0609108461232758
8,fashion_mnist,,False,150,0.048366250510289976,-0.0033188984203115224,,,False,False,True,False,,-0.0030794850793482986,development,False,False,confirmatory-large-update-20260903,,1e-09,-0.00023941334096322375
8,fashion_mnist,,False,153,0.08138666137287616,-0.011237992845971975,,,False,False,True,False,,-0.010010885948567708,development,False,False,confirmatory-large-update-20260903,,1e-09,-0.0012271068974042676
8,fashion_mnist,,False,156,0.18897595256424354,-0.004656120342788783,,,False,True,True,False,,0.012368404623655349,development,False,False,confirmatory-large-update-20260903,,1e-09,-0.017024524966444132
8,fashion_mnist,,False,159,0.2784299136101716,-0.008902200382859216,,,False,True,True,False,,0.04873682939358376,development,False,False,confirmatory-large-update-20260903,,1e-09,-0.057639029776442974
8,fashion_mnist,,False,162,0.04803258425014813,-0.0030471072552924333,,,False,False,True,False,,-0.0028773159749263116,development,False,False,confirmatory-large-update-20260903,,1e-09,-0.00016979128036612168
8,fashion_mnist,,False,165,0.08052294777249977,-0.01069836359633794,,,False,False,True,False,,-0.009725142314503471,development,False,False,confirmatory-large-update-20260903,,1e-09,-0.0009732212818344688
8,fashion_mnist,,False,168,0.1891745588334609,-0.004355629047809062,,,False,True,True,False,,0.013049448716986212,development,False,False,confirmatory-large-update-20260903,,1e-09,-0.017405077764795274
8,fashion_mnist,,False,171,0.2793083856335982,-0.008253174161579058,,,False,True,True,False,,0.051794957214312654,development,False,False,confirmatory-large-update-20260903,,1e-09,-0.06004813137589171
8,fashion_mnist,,False,174,0.0481840480433492,-0.003225269599722462,,,False,False,True,False,,-0.0030527111088705997,development,False,False,confirmatory-large-update-20260903,,1e-09,-0.00017255849085186237
8,fashion_mnist,,False,177,0.08084625832148051,-0.011018987937895908,,,False,False,True,False,,-0.010109732410066297,development,False,False,confirmatory-large-update-20260903,,1e-09,-0.0009092555278296111
8,fashion_mnist,,False,0,0.10612402694128474,0.0004502485572362852,,,False,True,True,False,,0.0012263281466790704,development,False,False,robustness-20260903,,1e-09,-0.0007760795894427852
8,fashion_mnist,,False,3,0.21735911125968177,0.007961770726413464,,,False,True,True,False,,0.016865956455732856,development,False,False,robustness-20260903,,1e-09,-0.008904185729319392
8,fashion_mnist,,False,6,0.04226093709917078,0.006460375789087869,,,False,True,True,False,,0.006595274750352154,development,False,False,robustness-20260903,,1e-09,-0.0001348989612642848
8,fashion_mnist,,False,9,0.09133557743050534,0.019395549696888156,,,False,True,True,True,,0.01903292382006734,development,True,True,robustness-20260903,,1e-09,0.0003626258768208157
8,fashion_mnist,,False,12,0.10567085933109144,0.0025876313666550743,,,False,True,True,False,,0.0032410974256993352,development,False,False,robustness-20260903,,1e-09,-0.0006534660590442609
8,fashion_mnist,,False,15,0.21837217114480634,0.018933067101019607,,,False,True,True,False,,0.029212926538786488,development,False,False,robustness-20260903,,1e-09,-0.01027985943776688
8,fashion_mnist,,False,18,0.04191621466916873,0.004274319675032556,,,False,True,True,False,,0.004340060363108411,development,False,False,robustness-20260903,,1e-09,-6.574068807585487e-05
8,fashion_mnist,,False,21,0.08902085442236496,0.006275672188792214,,,False,True,True,False,,0.008454160016355683,development,False,False,robustness-20260903,,1e-09,-0.002178487827563469
8,fashion_mnist,,False,24,0.09571676436449181,0.0014021331933551096,,,False,True,True,True,,0.0013547032749654797,development,True,False,robustness-20260903,,1e-09,4.7429918389629844e-05
8,fashion_mnist,,False,27,0.1956509475396462,0.014154395403780856,,,False,True,True,False,,0.020534608524185066,development,False,False,robustness-20260903,,1e-09,-0.00638021312040421
8,fashion_mnist,,False,30,0.03656631493705731,0.0050497248940606365,,,False,True,True,False,,0.005341902996187198,development,False,False,robustness-20260903,,1e-09,-0.00029217810212656126
8,fashion_mnist,,False,33,0.07686176137088886,0.011234348526943619,,,False,True,True,False,,0.01150778340051288,development,False,False,robustness-20260903,,1e-09,-0.00027343487356926155
8,fashion_mnist,,False,36,0.11688803235837177,0.005388844662338257,,,False,True,True,False,,0.007637564926845794,development,False,False,robustness-20260903,,1e-09,-0.0022487202645075366
8,fashion_mnist,,False,39,0.27202890134638186,0.02544883233643086,,,False,True,True,False,,0.07338998744439701,development,False,False,robustness-20260903,,1e-09,-0.04794115510796615
8,fashion_mnist,,False,42,0.0449715295332066,3.901981587561831e-05,,,False,False,True,True,,-0.000348246017657039,development,False,False,robustness-20260903,,1e-09,0.0003872658335326573
8,fashion_mnist,,False,45,0.10882424823190773,-0.00838322233817912,,,False,False,True,True,,-0.011785123093357552,development,False,False,robustness-20260903,,1e-09,0.003401900755178433
8,fashion_mnist,,False,48,0.11998575754905165,0.006106938281521687,,,False,True,True,False,,0.008437556456876175,development,False,False,robustness-20260903,,1e-09,-0.0023306181753544875
8,fashion_mnist,,False,51,0.29837940557028236,0.03995417743174773,,,False,True,True,False,,0.09995455291887373,development,False,False,robustness-20260903,,1e-09,-0.060000375487126
8,fashion_mnist,,False,54,0.0472153725592881,6.140488749917933e-05,,,False,False,True,True,,-2.5607798614248056e-05,development,False,False,robustness-20260903,,1e-09,8.701268611342738e-05
8,fashion_mnist,,False,57,0.1238275696198249,-0.008764256255123878,,,False,False,True,False,,-0.008225766516109803,development,False,False,robustness-20260903,,1e-09,-0.0005384897390140753
8,fashion_mnist,,False,60,0.1146880205544171,0.004496558734205319,,,False,True,True,False,,0.006029167339599323,development,False,False,robustness-20260903,,1e-09,-0.0015326086053940036
8,fashion_mnist,,False,63,0.26439748067653696,0.028281034135013206,,,False,True,True,False,,0.056856125024123016,development,False,False,robustness-20260903,,1e-09,-0.02857509088910981
8,fashion_mnist,,False,66,0.044801697519392676,0.0016069206591291588,,,False,True,True,True,,0.0013473486650233055,development,True,True,robustness-20260903,,1e-09,0.0002595719941058533
8,fashion_mnist,,False,69,0.11136628230256516,-7.5974545653695325e-06,,,False,False,True,True,,-0.003147200771006317,development,False,False,robustness-20260903,,1e-09,0.0031396033164409476
8,fashion_mnist,,False,72,0.12559213001092617,0.007386976332852457,,,False,True,True,False,,0.011022323604097384,development,False,False,robustness-20260903,,1e-09,-0.0036353472712449264
8,fashion_mnist,,False,75,0.3388253698812133,0.046055751301162295,,,False,True,True,False,,0.155765192295018,development,False,False,robustness-20260903,,1e-09,-0.10970944099385571
8,fashion_mnist,,False,78,0.04997970123418182,-0.0021162530040006525,,,False,False,True,False,,-0.0018576749691846736,development,False,False,robustness-20260903,,1e-09,-0.00025857803481597885
8,fashion_mnist,,False,81,0.14114884428104238,-0.02061168871775451,,,False,False,True,False,,-0.01500665669939874,development,False,False,robustness-20260903,,1e-09,-0.005605032018355771
8,fashion_mnist,,False,84,0.12544978111297944,0.007312427690028489,,,False,True,True,False,,0.010950188015564133,development,False,False,robustness-20260903,,1e-09,-0.003637760325535644
8,fashion_mnist,,False,87,0.33753188588777705,0.045454664528539857,,,False,True,True,False,,0.1543333326837666,development,False,False,robustness-20260903,,1e-09,-0.10887866815522673
8,fashion_mnist,,False,90,0.049883493782590264,-0.002021307754650044,,,False,False,True,False,,-0.001793285164843915,development,False,False,robustness-20260903,,1e-09,-0.00022802258980612888
8,fashion_mnist,,False,93,0.14087090056224857,-0.02029749739532219,,,False,False,True,False,,-0.014931768299779685,development,False,False,robustness-20260903,,1e-09,-0.005365729095542504
8,fashion_mnist,,False,96,0.12519299857306473,0.007188488495805195,,,False,True,True,False,,0.01078570743743204,development,False,False,robustness-20260903,,1e-09,-0.003597218941626845
8,fashion_mnist,,False,99,0.3348781329010695,0.0443503913414971,,,False,True,True,False,,0.14650972803083862,development,False,False,robustness-20260903,,1e-09,-0.10215933668934152
8,fashion_mnist,,False,102,0.04965503435144536,-0.001880011634789791,,,False,False,True,False,,-0.0016830525216601222,development,False,False,robustness-20260903,,1e-09,-0.00019695911312966885
8,fashion_mnist,,False,105,0.13890914555716688,-0.019867310822867468,,,False,False,True,False,,-0.014640661304587688,development,False,False,robustness-20260903,,1e-09,-0.00522664951827978
8,cifar10,,False,108,0.028026032106496013,-0.001667176121401548,,,False,False,True,True,,-0.001685070806862421,development,False,False,robustness-20260903,,1e-09,1.7894685460873028e-05
8,cifar10,,False,111,0.05771645059349229,-0.006325216543458405,,,False,False,True,True,,-0.006538144820209403,development,False,False,robustness-20260903,,1e-09,0.00021292827675099824
8,cifar10,,False,114,0.010409898387470085,0.0005945188916955946,,,False,True,False,False,,0.0006325567536541454,development,False,False,robustness-20260903,,1e-09,-3.8037861958550856e-05
8,cifar10,,False,117,0.02302495151696669,0.0018335753469239484,,,False,True,False,False,,0.002520822116498348,development,False,False,robustness-20260903,,1e-09,-0.0006872467695743997
8,cifar10,,False,120,0.0277691504259332,-0.001544804057808765,,,False,False,True,False,,-0.001526069639766859,development,False,False,robustness-20260903,,1e-09,-1.8734418041906065e-05
8,cifar10,,False,123,0.05593230284828141,-0.00613981029478719,,,False,False,True,True,,-0.006154509738748509,development,False,False,robustness-20260903,,1e-09,1.4699443961319059e-05
8,cifar10,,False,126,0.010260299646372656,0.00042207990396892457,,,False,True,True,False,,0.000452592453398808,development,False,False,robustness-20260903,,1e-09,-3.0512549429883434e-05
8,cifar10,,False,129,0.021829769353188026,0.0008923093289462322,,,False,True,True,False,,0.0013203631392405338,development,False,False,robustness-20260903,,1e-09,-0.00042805381029430156
8,cifar10,,False,132,0.028081031722625223,-0.0017382383485172667,,,False,False,True,False,,-0.0017055065653033066,development,False,False,robustness-20260903,,1e-09,-3.2731783213960086e-05
8,cifar10,,False,135,0.05793683198185572,-0.006229659264418326,,,False,False,True,True,,-0.00628435445980282,development,False,False,robustness-20260903,,1e-09,5.4695195384493744e-05
8,cifar10,,False,138,0.01058323900235969,0.0005937250585851261,,,False,True,True,False,,0.0006655195541878101,development,False,False,robustness-20260903,,1e-09,-7.179449560268392e-05
8,cifar10,,False,141,0.02409132981613859,0.0018861957117947067,,,False,True,True,False,,0.002570609122035418,development,False,False,robustness-20260903,,1e-09,-0.0006844134102407112
8,cifar10,,False,144,0.029052546560534572,-0.00207043775892091,,,False,False,True,False,,-0.0020225561051621203,development,False,False,robustness-20260903,,1e-09,-4.788165375878978e-05
8,cifar10,,False,147,0.06829083748678579,-0.008942116205350112,,,False,False,True,False,,-0.00860411958645331,development,False,False,robustness-20260903,,1e-09,-0.000337996618896802
8,cifar10,,False,150,0.011087177120627238,6.623460381860805e-05,,,False,True,True,True,,4.87839702019259e-05,development,False,False,robustness-20260903,,1e-09,1.7450633616682143e-05
8,cifar10,,False,153,0.03071091114333258,-0.0005606320810440622,,,False,False,True,True,,-0.0005843550221536938,development,False,False,robustness-20260903,,1e-09,2.3722941109631523e-05
8,cifar10,,False,156,0.029258036526426882,-0.0021174246875971317,,,False,False,True,False,,-0.0020477079800630613,development,False,False,robustness-20260903,,1e-09,-6.971670753407044e-05
8,cifar10,,False,159,0.07053860804567616,-0.009367843993579678,,,False,False,True,False,,-0.008758727377115055,development,False,False,robustness-20260903,,1e-09,-0.0006091166164646222
8,cifar10,,False,162,0.011264579121903704,-5.509206090993993e-06,,,False,False,True,False,,-1.5212595311283467e-06,development,False,False,robustness-20260903,,1e-09,-3.987946559865646e-06
8,cifar10,,False,165,0.032275443161763,-0.0009345774884035388,,,False,False,True,False,,-0.0005109561509718738,development,False,False,robustness-20260903,,1e-09,-0.00042362133743166497
8,cifar10,,False,168,0.02899199498407768,-0.0020696739140160167,,,False,False,True,False,,-0.0020146592760077256,development,False,False,robustness-20260903,,1e-09,-5.5014638008291095e-05
8,cifar10,,False,171,0.06718059292813644,-0.00911356017920567,,,False,False,True,False,,-0.008925110572902406,development,False,False,robustness-20260903,,1e-09,-0.0001884496063032648
8,cifar10,,False,174,0.011085214309649368,9.477553721859086e-05,,,False,True,True,True,,9.408117929642426e-05,development,False,False,robustness-20260903,,1e-09,6.943579221665996e-07
8,cifar10,,False,177,0.03011928827155353,-0.0005644510833643299,,,False,False,True,False,,-0.0005284163390660637,development,False,False,robustness-20260903,,1e-09,-3.603474429826614e-05
8,cifar10,,False,180,0.029557040244692745,-0.0023260743228522562,,,False,False,True,False,,-0.002216073050463674,development,False,False,robustness-20260903,,1e-09,-0.00011000127238858237
8,cifar10,,False,183,0.07440533907419075,-0.01178250852362786,,,False,False,True,False,,-0.010074824815353794,development,False,False,robustness-20260903,,1e-09,-0.001707683708274066
8,cifar10,,False,186,0.011453825070102954,-0.00024667094514396574,,,False,False,True,False,,-0.00021903536702171968,development,False,False,robustness-20260903,,1e-09,-2.763557812224607e-05
8,cifar10,,False,189,0.03469622232044975,-0.002782625120521326,,,False,False,True,False,,-0.0014276599703245407,development,False,False,robustness-20260903,,1e-09,-0.0013549651501967852
8,cifar10,,False,192,0.029552452009641402,-0.0023105711387753115,,,False,False,True,False,,-0.002203425503009015,development,False,False,robustness-20260903,,1e-09,-0.00010714563576629671
8,cifar10,,False,195,0.0743909977025606,-0.01164269569217373,,,False,False,True,False,,-0.009934606706858543,development,False,False,robustness-20260903,,1e-09,-0.001708088985315187
8,cifar10,,False,198,0.011449566457638394,-0.0002331239976396393,,,False,False,True,False,,-0.00020485916400214688,development,False,False,robustness-20260903,,1e-09,-2.8264833637492437e-05
8,cifar10,,False,201,0.03469134515409223,-0.0027237511388205,,,False,False,True,False,,-0.0013222334293679708,development,False,False,robustness-20260903,,1e-09,-0.0014015177094525294
8,cifar10,,False,204,0.029556150562896177,-0.0022977794359170245,,,False,False,True,False,,-0.0021881652683123365,development,False,False,robustness-20260903,,1e-09,-0.000109614167604688
8,cifar10,,False,207,0.07434144518621076,-0.01148898369301378,,,False,False,True,False,,-0.009795011636162407,development,False,False,robustness-20260903,,1e-09,-0.0016939720568513728
8,cifar10,,False,210,0.011447130177398188,-0.00023134508992860535,,,False,False,True,False,,-0.00020560479873829758,development,False,False,robustness-20260903,,1e-09,-2.5740291190307768e-05
8,cifar10,,False,213,0.03470038585395418,-0.0026478288927902563,,,False,False,True,False,,-0.0014303467469039197,development,False,False,robustness-20260903,,1e-09,-0.0012174821458863366
4,fashion_mnist,,False,216,0.09247245299276709,0.028497989488160194,,,False,True,True,False,,0.035008374254638916,development,False,False,robustness-20260903,,1e-09,-0.006510384766478722
4,fashion_mnist,,False,219,0.09316315742256787,0.03634706012651523,,,False,True,True,False,,0.04211297662094493,development,False,False,robustness-20260903,,1e-09,-0.0057659164944297014
4,fashion_mnist,,False,222,0.07564180963801337,0.033655794080018064,,,False,True,False,False,,0.040987092096236855,development,False,False,robustness-20260903,,1e-09,-0.00733129801621879
4,fashion_mnist,,False,225,0.11572903845935767,0.0011697505145029652,,,False,True,True,False,,0.0014112151824475783,development,False,False,robustness-20260903,,1e-09,-0.00024146466794461308
4,fashion_mnist,,False,228,0.1251303776026197,-0.004117720750052123,,,False,False,True,True,,-0.006071283037239916,development,False,False,robustness-20260903,,1e-09,0.0019535622871877933
4,fashion_mnist,,False,231,0.11787942745301738,0.0004159461020173394,,,False,False,True,True,,-0.001591152919505845,development,False,False,robustness-20260903,,1e-09,0.0020070990215231843
4,fashion_mnist,,False,234,0.1407815083485332,-0.018050886433157,,,False,False,True,False,,-0.015639353259447875,development,False,False,robustness-20260903,,1e-09,-0.002411533173709124
4,fashion_mnist,,False,237,0.1405361908665267,-0.017853845756252595,,,False,False,True,False,,-0.015235192442983436,development,False,False,robustness-20260903,,1e-09,-0.002618653313269159
4,fashion_mnist,,False,240,0.1412588668480751,-0.01858952745794662,,,False,False,True,False,,-0.015599856198503237,development,False,False,robustness-20260903,,1e-09,-0.0029896712594433827
6,fashion_mnist,,False,243,0.09676058204846161,0.007008348061792846,,,False,True,True,False,,0.009963452707917875,development,False,False,robustness-20260903,,1e-09,-0.0029551046461250285
6,fashion_mnist,,False,246,0.08784767868345988,0.01893161891284778,,,False,True,True,False,,0.022266893672576282,development,False,False,robustness-20260903,,1e-09,-0.0033352747597285015
6,fashion_mnist,,False,249,0.07415413236009294,0.012071703366268949,,,False,True,True,True,,0.011627128027580702,development,True,True,robustness-20260903,,1e-09,0.0004445753386882467
6,fashion_mnist,,False,252,0.10708460020157606,-0.006838699422616168,,,False,False,True,True,,-0.007632886221864532,development,False,False,robustness-20260903,,1e-09,0.0007941867992483642
6,fashion_mnist,,False,255,0.1201182658276779,0.00015896593937844705,,,False,False,True,True,,-0.0033823182902288085,development,False,False,robustness-20260903,,1e-09,0.0035412842296072555
6,fashion_mnist,,False,258,0.11324960739084344,0.006883697417080947,,,False,True,True,True,,0.004800732485849335,development,False,False,robustness-20260903,,1e-09,0.0020829649312316123
6,fashion_mnist,,False,261,0.14028878587485472,-0.019130448940561373,,,False,False,True,False,,-0.014733486262403561,development,False,False,robustness-20260903,,1e-09,-0.004396962678157812
6,fashion_mnist,,False,264,0.14151483057684766,-0.019767945031529788,,,False,False,True,False,,-0.014960502063248393,development,False,False,robustness-20260903,,1e-09,-0.004807442968281395
6,fashion_mnist,,False,267,0.14171384079674088,-0.019915186495986226,,,False,False,True,False,,-0.01505091712514317,development,False,False,robustness-20260903,,1e-09,-0.004864269370843055
10,fashion_mnist,,False,297,0.08328333650790125,0.013538616968550451,,,False,True,True,False,,0.013639761786149465,development,False,False,robustness-20260903,,1e-09,-0.00010114481759901373
10,fashion_mnist,,False,300,0.09179314311237856,0.00403227981772962,,,False,True,False,True,,0.002546954306076113,development,True,True,robustness-20260903,,1e-09,0.001485325511653507
10,fashion_mnist,,False,303,0.08223431338325891,0.00727846159249855,,,False,True,True,True,,0.006532413734431766,development,True,True,robustness-20260903,,1e-09,0.000746047858066784
10,fashion_mnist,,False,306,0.11786228317136645,-0.009895538943413593,,,False,False,True,True,,-0.009899844955214801,development,False,False,robustness-20260903,,1e-09,4.306011801208376e-06
10,fashion_mnist,,False,309,0.11187521972464706,-0.0064285307546337045,,,False,False,True,True,,-0.006773115227351106,development,False,False,robustness-20260903,,1e-09,0.0003445844727174019
10,fashion_mnist,,False,312,0.11837270549775593,-0.006653852241210387,,,False,False,True,True,,-0.006933187919587261,development,False,False,robustness-20260903,,1e-09,0.0002793356783768741
10,fashion_mnist,,False,315,0.14050855090724956,-0.02069600921410819,,,False,False,True,False,,-0.014419940146844445,development,False,False,robustness-20260903,,1e-09,-0.006276069067263745
10,fashion_mnist,,False,318,0.1392608541782766,-0.020343040649403843,,,False,False,True,False,,-0.014527400787925249,development,False,False,robustness-20260903,,1e-09,-0.005815639861478594
10,fashion_mnist,,False,321,0.13946822784533536,-0.020267715816352505,,,False,False,True,False,,-0.014200275353058067,development,False,False,robustness-20260903,,1e-09,-0.006067440463294438
8,cifar10,,False,0,0.0022379012773096054,0.006254244155613819,,,False,True,False,False,,0.007442754331225095,development,False,False,cifar-adequate-20260903,,1e-09,-0.0011885101756112775
8,cifar10,,False,3,0.0006063423255256987,0.011769811032011246,,,False,True,False,False,,0.016910255859787227,development,False,False,cifar-adequate-20260903,,1e-09,-0.005140444827775981
8,cifar10,,False,6,0.0027489711781547564,0.005793552774311482,,,False,True,False,False,,0.00693000198357651,development,False,False,cifar-adequate-20260903,,1e-09,-0.00113644920926503
8,cifar10,,False,9,0.0018960746110274775,0.012136735371919284,,,False,True,False,False,,0.017043625892180454,development,False,False,cifar-adequate-20260903,,1e-09,-0.004906890520261168
8,cifar10,,False,12,0.0025250982337736705,0.006321418917642041,,,False,True,False,False,,0.007418586133975835,development,False,False,cifar-adequate-20260903,,1e-09,-0.0010971672163337942
8,cifar10,,False,15,0.003033031813176602,0.016089167466062815,,,False,True,False,False,,0.02152560061748987,development,False,False,cifar-adequate-20260903,,1e-09,-0.005436433151427056
8,cifar10,,False,18,0.0036067262536608733,0.003036804412558934,,,False,True,False,False,,0.003402986398200688,development,False,False,cifar-adequate-20260903,,1e-09,-0.00036618198564175326
8,cifar10,,False,21,0.010159145310149387,0.006396970066936847,,,False,True,False,False,,0.007562253512581996,development,False,False,cifar-adequate-20260903,,1e-09,-0.0011652834456451489
8,cifar10,,False,24,0.004288367945993076,0.0016241473775775441,,,False,True,True,False,,0.0016602598545787358,development,False,False,cifar-adequate-20260903,,1e-09,-3.611247700119162e-05
8,cifar10,,False,27,0.012274389789317827,0.004099320080319432,,,False,True,True,False,,0.004163142988088054,development,False,False,cifar-adequate-20260903,,1e-09,-6.382290776862226e-05
8,cifar10,,False,30,0.004212950525633752,0.002123140684910152,,,False,True,False,False,,0.002176748889947011,development,False,False,cifar-adequate-20260903,,1e-09,-5.360820503685915e-05
8,cifar10,,False,33,0.01240570543693886,0.0051766796556466065,,,False,True,False,False,,0.005335532788869658,development,False,False,cifar-adequate-20260903,,1e-09,-0.0001588531332230511
8,cifar10,,False,36,0.00474310718684934,0.0002539834023761473,,,False,True,True,False,,0.00025433234814587445,development,False,False,cifar-adequate-20260903,,1e-09,-3.4894576972713254e-07
8,cifar10,,False,39,0.01641216215701568,0.0002372411182415199,,,False,True,True,False,,0.00027654089455417946,development,False,False,cifar-adequate-20260903,,1e-09,-3.929977631265957e-05
8,cifar10,False,True,42,0.00478626744301169,0.00023496583550918979,7.125535086242862e-07,7.125535086242862e-07,True,True,True,True,0.001190996561658155,0.00023069051445744407,development,True,True,cifar-adequate-20260903,5.70042806899429e-06,1e-09,4.275321051745717e-06
8,cifar10,,False,45,0.016455428755200882,0.00032164386100362596,,,False,True,True,False,,0.00033939860103289476,development,False,False,cifar-adequate-20260903,,1e-09,-1.77547400292688e-05
8,cifar10,False,True,48,0.004721373788172503,0.00018433483872704309,1.4004689080551053e-07,1.4004689080551053e-07,True,True,True,True,0.00023729854412574437,0.00018349455738221002,development,True,True,cifar-adequate-20260903,1.1203751264440842e-06,1e-09,8.402813448330632e-07
8,cifar10,,False,51,0.016185252449404715,7.968077089281697e-05,,,False,True,True,False,,0.00011876622522454319,development,False,False,cifar-adequate-20260903,,1e-09,-3.908545433172622e-05
12,uci_har,,False,uci-har-0,0.005951928333243282,-0.0028921403387484126,,,False,False,False,True,,-0.004681649097024558,external_primary,False,False,uci-har-diagnostic,,1e-09,0.0017895087582761454
12,uci_har,,False,uci-har-4,0.0038981663141824624,-0.008879565489514105,,,False,False,False,True,,-0.008937084898574626,external_primary,False,False,uci-har-diagnostic,,1e-09,5.75194090605205e-05
12,uci_har,,False,uci-har-8,-0.0021188275669719956,-0.008930778003865722,,,False,False,False,True,,-0.010600267027479904,external_primary,False,False,uci-har-diagnostic,,1e-09,0.0016694890236141798
12,uci_har,,False,uci-har-12,0.004242091353043792,-0.004576199725288027,,,False,False,False,True,,-0.005095597196731749,external_primary,False,False,uci-har-diagnostic,,1e-09,0.0005193974714437222
12,uci_har,,False,uci-har-16,0.005579164885964435,-0.004877664652418571,,,False,False,False,True,,-0.005484205719797918,external_primary,False,False,uci-har-diagnostic,,1e-09,0.0006065410673793473
12,uci_har,,False,uci-har-20,0.007372942880355789,-0.0058531470587602705,,,False,False,False,True,,-0.006071181334737864,external_primary,False,False,uci-har-diagnostic,,1e-09,0.00021803427597759384
12,uci_har,,False,uci-har-21,0.007881123893374113,-0.002602934180367252,,,False,False,False,True,,-0.0026636751103709163,external_primary,False,False,uci-har-diagnostic,,1e-09,6.0740930003664456e-05
12,uci_har,,False,uci-har-22,0.005783527949701183,-0.0023856150680172166,,,False,False,False,True,,-0.003764125097312156,external_primary,False,False,uci-har-diagnostic,,1e-09,0.0013785100292949392
12,uci_har,,False,uci-har-23,0.004325924163662263,-0.0036906107988242086,,,False,False,False,False,,-0.0021348503402311876,external_primary,False,False,uci-har-diagnostic,,1e-09,-0.001555760458593021
12,uci_har,,False,uci-har-24,0.003105059311387362,-0.007021105164234922,,,False,False,False,True,,-0.008117676652841355,external_primary,False,False,uci-har-diagnostic,,1e-09,0.0010965714886064341
12,uci_har,,False,uci-har-25,0.005153857567994911,-0.0013510631772794008,,,False,False,False,True,,-0.00221600441229689,external_primary,False,False,uci-har-diagnostic,,1e-09,0.0008649412350174891
12,uci_har,,False,uci-har-26,0.007946941321553153,-0.006683648259448649,,,False,False,False,False,,-0.005949356687543303,external_primary,False,False,uci-har-diagnostic,,1e-09,-0.000734291571905344
12,uci_har,,False,uci-har-27,0.005262481185966676,-0.004920065187678675,,,False,False,False,False,,-0.003771085195055604,external_primary,False,False,uci-har-diagnostic,,1e-09,-0.0011489799926230702
12,uci_har,,False,uci-har-28,0.00888934139362157,-0.006644202540535804,,,False,False,False,True,,-0.007815492072095268,external_primary,False,False,uci-har-diagnostic,,1e-09,0.0011712895315594656
12,uci_har,,False,uci-har-29,0.011830958632307537,-0.007840712651948472,,,False,False,False,True,,-0.01036436547508969,external_primary,False,False,uci-har-diagnostic,,1e-09,0.0025236528231412196
12,uci_har,,False,uci-har-30,0.008456891623605474,-0.0038144799691583117,,,False,False,False,True,,-0.006160237453199914,external_primary,False,False,uci-har-diagnostic,,1e-09,0.0023457574840416023
12,uci_har,,False,uci-har-31,0.00884728565818538,-0.0014503961476373377,,,False,False,False,False,,-0.001138283433982418,external_primary,False,False,uci-har-diagnostic,,1e-09,-0.0003121127136549197
12,uci_har,,False,uci-har-32,0.006010616890765793,-0.0026974713507487685,,,False,False,False,True,,-0.0040318012162068265,external_primary,False,False,uci-har-diagnostic,,1e-09,0.001334329865458058
12,uci_har,,False,uci-har-33,0.0030040467267992395,-0.01051981647517847,,,False,False,False,False,,-0.009764879871789103,external_primary,False,False,uci-har-diagnostic,,1e-09,-0.0007549366033893709
12,uci_har,,False,uci-har-34,0.006080906878968393,-0.005067618562152322,,,False,False,False,True,,-0.006042773656662314,external_primary,False,False,uci-har-diagnostic,,1e-09,0.000975155094509992
6,fed_isic2019,,False,0,-0.19369895770985593,0.008439719907699234,,,False,False,False,True,,-0.006295203752415129,natural_silo,False,False,fed-isic-confirmation-20260904,,1e-09,0.014734923660114363
6,fed_isic2019,,False,3,-0.19660217531265756,0.002166043763519643,,,False,False,False,True,,-0.011096914558000326,natural_silo,False,False,fed-isic-confirmation-20260904,,1e-09,0.013262958321519969
6,fed_isic2019,,False,6,-0.291569311490623,-0.00025130651330429465,,,False,False,False,True,,-0.01413021620883731,natural_silo,False,False,fed-isic-confirmation-20260904,,1e-09,0.013878909695533015
6,fed_isic2019,,False,9,-0.2331181257514545,0.05529635931855878,,,False,True,False,False,,0.08276410789899927,natural_silo,False,False,fed-isic-confirmation-20260904,,1e-09,-0.027467748580440488
6,fed_isic2019,,False,12,-0.18708111793764184,-0.01029610910723286,,,False,False,False,True,,-0.026657662340389715,natural_silo,False,False,fed-isic-confirmation-20260904,,1e-09,0.016361553233156856
6,fed_isic2019,,False,15,-0.1645152586249895,0.05036088717881082,,,False,True,False,False,,0.060406968721779586,natural_silo,False,False,fed-isic-confirmation-20260904,,1e-09,-0.010046081542968766
6,fed_isic2019,,False,18,-0.16909604718608237,0.01514087061728217,,,False,True,False,False,,0.018439133756904397,natural_silo,False,False,fed-isic-confirmation-20260904,,1e-09,-0.003298263139622226
6,fed_isic2019,,False,21,-0.2843324796615109,0.07693173603345005,,,False,True,False,True,,0.06181390044509749,natural_silo,True,True,fed-isic-confirmation-20260904,,1e-09,0.015117835588352557
6,fed_isic2019,,False,24,-0.16198054570023737,-0.0006547201833415894,,,False,False,False,True,,-0.013819226500808274,natural_silo,False,False,fed-isic-confirmation-20260904,,1e-09,0.013164506317466684
6,fed_isic2019,,False,27,-0.3365979409986927,0.02132292101460126,,,False,True,False,True,,0.018545354207356812,natural_silo,True,True,fed-isic-confirmation-20260904,,1e-09,0.002777566807244447
6,fed_isic2019,,False,30,-0.16871149206674232,-0.025348149371403422,,,False,False,False,True,,-0.035748327521867546,natural_silo,False,False,fed-isic-confirmation-20260904,,1e-09,0.010400178150464123
6,fed_isic2019,,False,33,-0.1769120940341744,-0.017394047398720802,,,False,False,False,True,,-0.036553627342305994,natural_silo,False,False,fed-isic-confirmation-20260904,,1e-09,0.019159579943585192
6,fed_isic2019,,False,36,-0.17939650176673802,0.025930783056443835,,,False,True,False,False,,0.027645664830361488,natural_silo,False,False,fed-isic-confirmation-20260904,,1e-09,-0.0017148817739176536
6,fed_isic2019,,False,39,-0.13184543896746895,-0.027959039749637676,,,False,False,False,True,,-0.04464162149736964,natural_silo,False,False,fed-isic-confirmation-20260904,,1e-09,0.01668258174773196
6,fed_isic2019,,False,42,-0.16632485174363668,0.04741035502444038,,,False,True,False,False,,0.05142962712113611,natural_silo,False,False,fed-isic-confirmation-20260904,,1e-09,-0.004019272096695725
6,fed_isic2019,,False,45,-0.28250547593639747,0.02353810300109216,,,False,True,False,True,,0.017561115962202778,natural_silo,True,True,fed-isic-confirmation-20260904,,1e-09,0.005976987038889381
