seed,epsilon,method,clients,grand_worth,shapley_l1,midpoint_l1_error,midpoint_relative_l1_error,median_radius_to_oracle_ratio,coordinate_coverage_count,joint_coverage,signs_certified,strict_pairs,pairs_certified,top_client_certified,efficient_l1_width,efficient_relative_l1_width
8501,0.25,authorized_public_clip,8,0.0014225040671438371,0.0014225040671438371,6.862303000284642e-10,4.824100790965722e-07,6651.0655363261085,8,True,8,28,28,True,9.628312655492774e-06,0.006768565989450093
8501,0.25,oracle_bernstein,8,0.0014225040671438371,0.0014225040671438371,6.862303000284642e-10,4.824100790965722e-07,1.0,8,True,8,28,28,True,1.3750536392300675e-09,9.666430276184127e-07
8501,0.5,authorized_public_clip,8,0.0028385839687058434,0.002838583968705843,5.478096883152492e-09,1.929869590477599e-06,6658.691679275718,8,True,8,28,28,True,7.702650124394257e-05,0.027135537319308078
8501,0.5,oracle_bernstein,8,0.0028385839687058434,0.002838583968705843,5.478096883152492e-09,1.929869590477599e-06,1.0,8,True,8,28,28,True,1.0997474980320703e-08,3.874282070810239e-06
8501,1.0,authorized_public_clip,8,0.005651558550312519,0.005651558550312519,4.363521743315068e-08,7.720917519825894e-06,6674.150220911426,8,True,8,28,24,False,0.0006162120099515403,0.10903399555303751
8501,1.0,oracle_bernstein,8,0.005651558550312519,0.005651558550312519,4.363521743315068e-08,7.720917519825894e-06,1.0,8,True,8,28,28,True,8.793205298499116e-08,1.555890329837772e-05
8502,0.25,authorized_public_clip,8,0.0014838470320802655,0.0014838470320802655,1.3698959321507137e-09,9.232056280808105e-07,3371.692939974384,8,True,8,28,27,True,9.65231106454925e-06,0.006504923249745197
8502,0.25,oracle_bernstein,8,0.0014838470320802655,0.0014838470320802655,1.3698959321507137e-09,9.232056280808105e-07,1.0,8,True,8,28,28,True,2.744719612506573e-09,1.8497321835182071e-06
8502,0.5,authorized_public_clip,8,0.002956354868368649,0.002956354868368649,1.0958964538686049e-08,3.7069178170164716e-06,3366.252237973,8,True,8,28,27,True,7.721848851639405e-05,0.02611949239127866
8502,0.5,oracle_bernstein,8,0.002956354868368649,0.002956354868368649,1.0958964538686049e-08,3.7069178170164716e-06,1.0,8,True,8,28,28,True,2.1996599924769406e-08,7.440446393185178e-06
8502,1.0,authorized_public_clip,8,0.005867444795114807,0.005867444795114805,8.766414574346102e-08,1.4940770435796656e-05,3355.623913294681,8,True,8,28,20,True,0.0006177479081311522,0.10528397447219288
8502,1.0,oracle_bernstein,8,0.005867444795114807,0.005867444795114805,8.766414574346102e-08,1.4940770435796656e-05,1.0,8,True,8,28,28,True,1.7659040064846136e-07,3.0096644584605667e-05
8503,0.25,authorized_public_clip,8,0.0014014558388661946,0.0014014558388661946,2.903536610768904e-10,2.0718002866548562e-07,15211.5490514952,8,True,8,28,28,True,9.605230100722778e-06,0.006853751525727594
8503,0.25,oracle_bernstein,8,0.0014014558388661946,0.0014014558388661946,2.903536610768904e-10,2.0718002866548562e-07,1.0,8,True,8,28,28,True,3.306134751276772e-10,2.3590716576502537e-07
8503,0.5,authorized_public_clip,8,0.002797275847751246,0.0027972758477512456,2.324155151022184e-09,8.308637677116215e-07,15187.65445519847,8,True,8,28,28,True,7.684184080578228e-05,0.02747024067722383
8503,0.5,oracle_bernstein,8,0.002797275847751246,0.0027972758477512456,2.324155151022184e-09,8.308637677116215e-07,1.0,8,True,8,28,28,True,2.7095547330889362e-09,9.686405201326606e-07
8503,1.0,authorized_public_clip,8,0.0055720652265355275,0.005572065226535527,1.8613385450842474e-08,3.34048233298859e-06,15140.01580566938,8,True,8,28,26,True,0.0006147347264462575,0.1103243952365125
8503,1.0,oracle_bernstein,8,0.0055720652265355275,0.005572065226535527,1.8613385450842474e-08,3.34048233298859e-06,1.0,8,True,8,28,28,True,2.2716582362154042e-08,4.076869425342563e-06
8504,0.25,authorized_public_clip,8,0.0012477640028210057,0.0012477640028210057,2.5318646067499714e-09,2.029121371506701e-06,1718.4004786022288,8,True,8,28,27,True,9.620872818564744e-06,0.007710490757148719
8504,0.25,oracle_bernstein,8,0.0012477640028210057,0.0012477640028210057,2.5318646067499714e-09,2.029121371506701e-06,1.0,8,True,8,28,28,True,2.1068974540819525e-11,1.6885384156218944e-08
8504,0.5,authorized_public_clip,8,0.0024866347818505163,0.0024866347818505163,2.0224791064116232e-08,8.133398279312994e-06,1718.7043473376536,8,True,8,28,27,True,7.696698254851817e-05,0.030952266524756092
8504,0.5,oracle_bernstein,8,0.0024866347818505163,0.0024866347818505163,2.0224791064116232e-08,8.133398279312994e-06,1.0,8,True,8,28,28,True,3.3843555333147503e-10,1.3610183355656053e-07
8504,1.0,authorized_public_clip,8,0.004937863243833385,0.004937863243833385,1.6130776986359092e-07,3.266752477043009e-05,1719.2845186331142,8,True,8,28,24,False,0.0006157358603881446,0.12469682327318503
8504,1.0,oracle_bernstein,8,0.004937863243833385,0.004937863243833385,1.6130776986359092e-07,3.266752477043009e-05,1.0,8,True,8,28,28,True,5.4993721176563055e-09,1.1137149501680594e-06
8505,0.25,authorized_public_clip,8,0.0017310452021654932,0.001731045202165493,1.6771542183204643e-09,9.688679505616141e-07,2607.2717179831493,8,True,8,28,28,True,9.648311410611395e-06,0.005573691197068635
8505,0.25,oracle_bernstein,8,0.0017310452021654932,0.001731045202165493,1.6771542183204643e-09,9.688679505616141e-07,1.0,8,True,8,28,28,True,5.133068679038632e-10,2.9653001953108996e-07
8505,0.5,authorized_public_clip,8,0.0034479717789948072,0.0034479717789948072,1.3449738335373756e-08,3.900768101818401e-06,2596.0780704727326,8,True,8,28,27,True,7.718649128489181e-05,0.02238605656018683
8505,0.5,oracle_bernstein,8,0.0034479717789948072,0.0034479717789948072,1.3449738335373756e-08,3.900768101818401e-06,1.0,8,True,8,28,28,True,4.174269460687288e-09,1.2106449028691222e-06
8505,1.0,authorized_public_clip,8,0.006839625634411317,0.006839625634411317,1.0810854940933572e-07,1.5806208581010202e-05,2574.430755398471,8,True,8,28,22,False,0.0006174919302791353,0.09028153925298879
8505,1.0,oracle_bernstein,8,0.006839625634411317,0.006839625634411317,1.0810854940933572e-07,1.5806208581010202e-05,1.0,8,True,8,28,28,True,3.44240971365253e-08,5.033038205819158e-06
8506,0.25,authorized_public_clip,8,0.0016795690963749,0.0016795690963749,9.098172769914179e-10,5.416968426088729e-07,5129.929487017458,8,True,8,28,26,False,9.63123517489997e-06,0.005734348881479904
8506,0.25,oracle_bernstein,8,0.0016795690963749,0.0016795690963749,9.098172769914179e-10,5.416968426088729e-07,1.0,8,True,8,28,28,True,1.876725993577369e-11,1.1173854035005868e-08
8506,0.5,authorized_public_clip,8,0.003346478176987966,0.003346478176987966,7.324330142226016e-09,2.188668131889535e-06,5075.0389509289525,8,True,8,28,24,False,7.704988139919922e-05,0.023024169679637545
8506,0.5,oracle_bernstein,8,0.003346478176987966,0.003346478176987966,7.324330142226016e-09,2.188668131889535e-06,1.0,8,True,8,28,28,True,2.9670315575096307e-10,8.866131496167492e-08
8506,1.0,authorized_public_clip,8,0.0066424025820054355,0.0066424025820054355,5.9321356826627474e-08,8.930707840322862e-06,4969.567428132966,8,True,8,28,18,False,0.0006163990511935927,0.09279760500675577
8506,1.0,oracle_bernstein,8,0.0066424025820054355,0.0066424025820054355,5.9321356826627474e-08,8.930707840322862e-06,1.0,8,True,8,28,28,True,4.675945900877582e-09,7.039540049621463e-07
8507,0.25,authorized_public_clip,8,0.001718628918591758,0.001718628918591758,1.0658201543285294e-09,6.201572324185628e-07,5091.437897547086,8,True,8,28,27,True,9.623030413777832e-06,0.00559924850796976
8507,0.25,oracle_bernstein,8,0.001718628918591758,0.001718628918591758,1.0658201543285294e-09,6.201572324185628e-07,1.0,8,True,8,28,28,True,2.37509768254672e-11,1.3819723708075966e-08
8507,0.5,authorized_public_clip,8,0.003423495146830713,0.003423495146830713,8.576857446864535e-09,2.505292713003912e-06,5033.830899475045,8,True,8,28,27,True,7.698424331022233e-05,0.02248703152361795
8507,0.5,oracle_bernstein,8,0.003423495146830713,0.003423495146830713,8.576857446864535e-09,2.505292713003912e-06,1.0,8,True,8,28,28,True,3.776800135114021e-10,1.1032000841324922e-07
8507,1.0,authorized_public_clip,8,0.0067920231073334,0.006792023107333402,6.941427588150542e-08,1.0219970511634199e-05,4923.265760079812,8,True,8,28,23,False,0.0006158739464817775,0.09067606759555004
8507,1.0,oracle_bernstein,8,0.0067920231073334,0.006792023107333402,6.941427588150542e-08,1.0219970511634199e-05,1.0,8,True,8,28,28,True,6.002525490653339e-09,8.837610524747188e-07
8508,0.25,authorized_public_clip,8,0.0014818030963176243,0.0014818030963176243,7.403738090812871e-10,4.996438531013463e-07,6460.29161607097,8,True,8,28,28,True,9.622891004806107e-06,0.006494041632269204
8508,0.25,oracle_bernstein,8,0.0014818030963176243,0.0014818030963176243,7.403738090812871e-10,4.996438531013463e-07,1.0,8,True,8,28,28,True,1.3331233982396065e-09,8.996629853540195e-07
8508,0.5,authorized_public_clip,8,0.0029558200430548354,0.0029558200430548354,5.928761474002873e-09,2.0057924317576906e-06,6429.8861583697635,8,True,8,28,25,True,7.698312803844907e-05,0.026044592326683914
8508,0.5,oracle_bernstein,8,0.0029558200430548354,0.0029558200430548354,5.928761474002873e-09,2.0057924317576906e-06,1.0,8,True,8,28,28,True,1.0696241270903139e-08,3.618705168610294e-06
8508,1.0,authorized_public_clip,8,0.005880589471879527,0.005880589471879527,4.75184225818626e-08,8.080554305144245e-06,6371.505832666111,8,True,8,28,19,True,0.0006158650243075921,0.10472845063371235
8508,1.0,oracle_bernstein,8,0.005880589471879527,0.005880589471879527,4.75184225818626e-08,8.080554305144245e-06,1.0,8,True,8,28,28,True,8.605825832595088e-08,1.4634291123847323e-05
8509,0.25,authorized_public_clip,8,0.0015838797383680436,0.0015838797383680436,5.000187493328818e-10,3.156923703894247e-07,8917.284586545815,8,True,8,28,27,True,9.64841045855976e-06,0.006091630708281807
8509,0.25,oracle_bernstein,8,0.0015838797383680436,0.0015838797383680436,5.000187493328818e-10,3.156923703894247e-07,1.0,8,True,8,28,28,True,2.4664247418515126e-10,1.5572045531913917e-07
8509,0.5,authorized_public_clip,8,0.0031563663016533905,0.003156366301653391,4.016995705470247e-09,1.272664615033233e-06,8822.825715756033,8,True,8,28,27,True,7.71872836684777e-05,0.024454475896409873
8509,0.5,oracle_bernstein,8,0.0031563663016533905,0.003156366301653391,4.016995705470247e-09,1.272664615033233e-06,1.0,8,True,8,28,28,True,1.994406132051988e-09,6.318677684448081e-07
8509,1.0,authorized_public_clip,8,0.0062672477114807945,0.0062672477114807945,3.24023395219036e-08,5.170106721228931e-06,8642.127975735204,8,True,8,28,22,False,0.0006174982693478221,0.09852782236740325
8509,1.0,oracle_bernstein,8,0.0062672477114807945,0.0062672477114807945,3.24023395219036e-08,5.170106721228931e-06,1.0,8,True,8,28,28,True,1.628860580747335e-08,2.599004627667055e-06
8510,0.25,authorized_public_clip,8,0.001465037904645028,0.0014650379046450275,4.836283897771861e-10,3.301132263634189e-07,9584.240869393432,8,True,8,28,28,True,9.605335811456022e-06,0.0065563735753492195
8510,0.25,oracle_bernstein,8,0.001465037904645028,0.0014650379046450275,4.836283897771861e-10,3.301132263634189e-07,1.0,8,True,8,28,28,True,9.695228314838059e-10,6.617732058317931e-07
8510,0.5,authorized_public_clip,8,0.0029240862535151457,0.0029240862535151457,3.877160183537879e-09,1.3259390613225142e-06,9564.329517701528,8,True,8,28,28,True,7.684268649164763e-05,0.026279213334761638
8510,0.5,oracle_bernstein,8,0.0029240862535151457,0.0029240862535151457,3.877160183537879e-09,1.3259390613225142e-06,1.0,8,True,8,28,28,True,7.790291244312878e-09,2.66417970136268e-06
8510,1.0,authorized_public_clip,8,0.0058242808626152165,0.0058242808626152165,3.114501075020693e-08,5.347443140108934e-06,9524.700474736781,8,True,8,28,24,True,0.0006147414919331797,0.1055480507084613
8510,1.0,oracle_bernstein,8,0.0058242808626152165,0.0058242808626152165,3.114501075020693e-08,5.347443140108934e-06,1.0,8,True,8,28,28,True,6.286686985682195e-08,1.079392826839047e-05
8511,0.25,authorized_public_clip,8,0.0015136767164710685,0.0015136767164710685,3.6887257139040733e-09,2.4369309980977344e-06,1280.5352373311905,8,True,8,28,28,True,9.63964884347925e-06,0.006368366991588808
8511,0.25,oracle_bernstein,8,0.0015136767164710685,0.0015136767164710685,3.6887257139040733e-09,2.4369309980977344e-06,1.0,8,True,8,28,28,True,1.4332585303051398e-11,9.468722837328932e-09
8511,0.5,authorized_public_clip,8,0.0030125755058919568,0.0030125755058919568,2.950032235128023e-08,9.792392683201294e-06,1280.1292971167168,8,True,8,28,26,True,7.711719074783352e-05,0.02559842585568736
8511,0.5,oracle_bernstein,8,0.0030125755058919568,0.0030125755058919568,2.950032235128023e-08,9.792392683201294e-06,1.0,8,True,8,28,28,True,2.3618800955283424e-10,7.840069369630738e-08
8511,1.0,authorized_public_clip,8,0.005966347718225795,0.005966347718225796,2.358198898923746e-07,3.952499937817486e-05,1279.3506519857904,8,True,8,28,21,False,0.0006169375259826678,0.10340287811162349
8511,1.0,oracle_bernstein,8,0.005966347718225795,0.005966347718225796,2.358198898923746e-07,3.952499937817486e-05,1.0,8,True,8,28,28,True,4.032978887858526e-09,6.759543824210521e-07
8512,0.25,authorized_public_clip,8,0.0014254238693357513,0.0014254238693357513,1.6659753996939352e-09,1.1687578932584615e-06,2824.960505685939,8,True,8,28,28,True,9.625072170379133e-06,0.006752428081698952
8512,0.25,oracle_bernstein,8,0.0014254238693357513,0.0014254238693357513,1.6659753996939352e-09,1.1687578932584615e-06,1.0,8,True,8,28,28,True,3.230535985829187e-09,2.2663686592173113e-06
8512,0.5,authorized_public_clip,8,0.002835738470354787,0.002835738470354787,1.3332711604430126e-08,4.701671800524102e-06,2814.2695377070236,8,True,8,28,25,True,7.700057736303268e-05,0.02715362440537237
8512,0.5,oracle_bernstein,8,0.002835738470354787,0.002835738470354787,1.3332711604430126e-08,4.701671800524102e-06,1.0,8,True,8,28,28,True,2.5909404306214117e-08,9.136739712754886e-06
8512,1.0,authorized_public_clip,8,0.005611188035396619,0.005611188035396619,1.0673158497027241e-07,1.9021209818306687e-05,2793.528732968049,8,True,8,28,20,False,0.000616004618904261,0.10978149634419407
8512,1.0,oracle_bernstein,8,0.005611188035396619,0.005611188035396619,1.0673158497027241e-07,1.9021209818306687e-05,1.0,8,True,8,28,28,True,2.0829581374418212e-07,3.712151729599585e-05
8513,0.25,authorized_public_clip,8,0.0013895079370525032,0.0013895079370525032,5.241878115651386e-10,3.7724707949479304e-07,10476.446615445639,8,True,8,28,28,True,9.642719730385804e-06,0.006939665090291445
8513,0.25,oracle_bernstein,8,0.0013895079370525032,0.0013895079370525032,5.241878115651386e-10,3.7724707949479304e-07,1.0,8,True,8,28,28,True,1.049891334758751e-09,7.555849851640649e-07
8513,0.5,authorized_public_clip,8,0.002771131290155937,0.002771131290155937,4.189371456594362e-09,1.5117910399859932e-06,10423.972995830623,8,True,8,28,28,True,7.714175784308681e-05,0.027837640926391564
8513,0.5,oracle_bernstein,8,0.002771131290155937,0.002771131290155937,4.189371456594362e-09,1.5117910399859932e-06,1.0,8,True,8,28,28,True,8.402665058052702e-09,3.0322147077151483e-06
8513,1.0,authorized_public_clip,8,0.005510832260071097,0.005510832260071098,3.344715460249382e-08,6.069347245200483e-06,10323.506325680906,8,True,8,28,24,False,0.0006171340627446927,0.11198563728824965
8513,1.0,oracle_bernstein,8,0.005510832260071097,0.005510832260071098,3.344715460249382e-08,6.069347245200483e-06,1.0,8,True,8,28,28,True,6.727560387812317e-08,1.220788452469561e-05
8514,0.25,authorized_public_clip,8,0.0016417739945744358,0.0016417739945744356,1.3096966291429452e-09,7.977325945430748e-07,3229.993213765335,8,True,8,28,28,True,9.615868042870258e-06,0.00585699863001289
8514,0.25,oracle_bernstein,8,0.0016417739945744358,0.0016417739945744356,1.3096966291429452e-09,7.977325945430748e-07,1.0,8,True,8,28,28,True,1.5552500395388594e-11,9.472984976806734e-09
8514,0.5,authorized_public_clip,8,0.0032722542559512346,0.0032722542559512346,1.0515043280642962e-08,3.213394331539459e-06,3219.525635662131,8,True,8,28,28,True,7.692694434296196e-05,0.023508853011512294
8514,0.5,oracle_bernstein,8,0.0032722542559512346,0.0032722542559512346,1.0515043280642962e-08,3.213394331539459e-06,1.0,8,True,8,28,28,True,2.433960211655449e-10,7.438175705585832e-08
8514,1.0,authorized_public_clip,8,0.0064994625819444485,0.0064994625819444485,8.470712931161594e-08,1.3032943605814421e-05,3199.7966158208983,8,True,8,28,23,True,0.0006154155547436957,0.09468714480465464
8514,1.0,oracle_bernstein,8,0.0064994625819444485,0.0064994625819444485,8.470712931161594e-08,1.3032943605814421e-05,1.0,8,True,8,28,28,True,3.750766862354281e-09,5.77088769184832e-07
8515,0.25,authorized_public_clip,8,0.0013666660740869752,0.0013666660740869752,8.779217170270691e-10,6.423820222296787e-07,5015.158582221258,8,True,8,28,28,True,9.643309852020902e-06,0.007056083433846266
8515,0.25,oracle_bernstein,8,0.0013666660740869752,0.0013666660740869752,8.779217170270691e-10,6.423820222296787e-07,1.0,8,True,8,28,28,True,1.7584110590404631e-09,1.2866427952625934e-06
8515,0.5,authorized_public_clip,8,0.002724360236500467,0.0027243602365004662,7.027324160595446e-09,2.5794401429976985e-06,5002.129850013762,8,True,8,28,27,True,7.714647881616732e-05,0.028317282624469416
8515,0.5,oracle_bernstein,8,0.002724360236500467,0.0027243602365004662,7.027324160595446e-09,2.5794401429976985e-06,1.0,8,True,8,28,28,True,1.4095447599643107e-08,5.1738560142014605e-06
8515,1.0,authorized_public_clip,8,0.0054129289148148185,0.0054129289148148185,5.627891372568007e-08,1.0397127802889002e-05,4976.655914588995,8,True,8,28,23,False,0.0006171718305293378,0.11401809263117466
8515,1.0,oracle_bernstein,8,0.0054129289148148185,0.0054129289148148185,5.627891372568007e-08,1.0397127802889002e-05,1.0,8,True,8,28,28,True,1.1320969663011337e-07,2.0914683785953928e-05
8516,0.25,authorized_public_clip,8,0.0014429595287429597,0.0014429595287429597,7.516714472805951e-10,5.209234436495204e-07,7965.495961158189,8,True,8,28,27,False,9.651295485504127e-06,0.006688542046098376
8516,0.25,oracle_bernstein,8,0.0014429595287429597,0.0014429595287429597,7.516714472805951e-10,5.209234436495204e-07,1.0,8,True,8,28,28,True,1.5397511445112283e-11,1.067078537390103e-08
8516,0.5,authorized_public_clip,8,0.0028774911502997824,0.002877491150299782,5.998545549846081e-09,2.084644307989096e-06,7942.984878732182,8,True,8,28,27,False,7.721036388403263e-05,0.026832528694017425
8516,0.5,oracle_bernstein,8,0.0028774911502997824,0.002877491150299782,5.998545549846081e-09,2.084644307989096e-06,1.0,8,True,8,28,28,True,2.45518323824679e-10,8.532374590058313e-08
8516,1.0,authorized_public_clip,8,0.005721359313286212,0.005721359313286213,4.7749731168513464e-08,8.345871766746507e-06,7898.565389846406,8,True,8,28,23,False,0.0006176829110722613,0.10796086683979265
8516,1.0,oracle_bernstein,8,0.005721359313286212,0.005721359313286213,4.7749731168513464e-08,8.345871766746507e-06,1.0,8,True,8,28,28,True,3.936059978328684e-09,6.879588856620763e-07
8517,0.25,authorized_public_clip,8,0.0013545189021677562,0.0013545189021677566,8.509512855914714e-10,6.282313842954774e-07,4496.374675950069,8,True,8,28,28,True,9.622249785552577e-06,0.007103813585066569
8517,0.25,oracle_bernstein,8,0.0013545189021677562,0.0013545189021677566,8.509512855914714e-10,6.282313842954774e-07,1.0,8,True,8,28,28,True,1.6308800782831138e-09,1.204029027922049e-06
8517,0.5,authorized_public_clip,8,0.0026972219394493235,0.0026972219394493235,6.812153808763172e-09,2.5256185657559764e-06,4496.496472246887,8,True,8,28,28,True,7.697799828441986e-05,0.028539734580238615
8517,0.5,oracle_bernstein,8,0.0026972219394493235,0.0026972219394493235,6.812153808763172e-09,2.5256185657559764e-06,1.0,8,True,8,28,28,True,1.3073005510777112e-08,4.846840860488964e-06
8517,1.0,authorized_public_clip,8,0.0053472924786601705,0.0053472924786601705,5.4565431725675084e-08,1.0204310299694474e-05,4497.518433248022,8,True,8,28,25,True,0.0006158239862753587,0.11516556998103372
8517,1.0,oracle_bernstein,8,0.0053472924786601705,0.0053472924786601705,5.4565431725675084e-08,1.0204310299694474e-05,1.0,8,True,8,28,28,True,1.0499028800015943e-07,1.9634289390288173e-05
8518,0.25,authorized_public_clip,8,0.001522717737732715,0.0015227177377327152,3.626237143826666e-09,2.381424377997073e-06,1297.139494113745,8,True,8,28,28,True,9.646939118222595e-06,0.006335342967930011
8518,0.25,oracle_bernstein,8,0.001522717737732715,0.0015227177377327152,3.626237143826666e-09,2.381424377997073e-06,1.0,8,True,8,28,28,True,5.480361974505906e-11,3.5990662189743373e-08
8518,0.5,authorized_public_clip,8,0.003021692076934146,0.0030216920769341456,2.910464352894526e-08,9.631902516302511e-06,1287.354766794926,8,True,8,28,28,True,7.71755129457813e-05,0.025540495508908453
8518,0.5,oracle_bernstein,8,0.003021692076934146,0.0030216920769341456,2.910464352894526e-08,9.631902516302511e-06,1.0,8,True,8,28,28,True,8.671302707721328e-10,2.869684429807844e-07
8518,1.0,authorized_public_clip,8,0.0059486429358174275,0.0059486429358174275,2.3432635182273412e-07,3.939156448144467e-05,1268.583834707977,8,True,8,28,21,True,0.00061740410356625,0.10378906754429712
8518,1.0,oracle_bernstein,8,0.0059486429358174275,0.0059486429358174275,2.3432635182273412e-07,3.939156448144467e-05,1.0,8,True,8,28,28,True,1.3593582010571793e-08,2.2851568256750117e-06
8519,0.25,authorized_public_clip,8,0.00146553607750588,0.00146553607750588,6.289170284003946e-10,4.291378681318975e-07,7773.876897726153,8,True,8,28,27,True,9.635924866083429e-06,0.006575017160892616
8519,0.25,oracle_bernstein,8,0.00146553607750588,0.00146553607750588,6.289170284003946e-10,4.291378681318975e-07,1.0,8,True,8,28,28,True,1.220837268463889e-09,8.330311934104942e-07
8519,0.5,authorized_public_clip,8,0.0029250291414666396,0.0029250291414666387,5.030080357798375e-09,1.7196684589462156e-06,7734.93783043594,8,True,8,28,27,True,7.708739892866743e-05,0.026354403725243107
8519,0.5,oracle_bernstein,8,0.0029250291414666396,0.0029250291414666387,5.030080357798375e-09,1.7196684589462156e-06,1.0,8,True,8,28,28,True,9.810669966030857e-09,3.354041784950439e-06
8519,1.0,authorized_public_clip,8,0.005825944008206463,0.005825944008206462,4.021975222101093e-08,6.903559690490257e-06,7659.1670381993445,8,True,8,28,25,False,0.00061669919142934,0.10585395095709804
8519,1.0,oracle_bernstein,8,0.005825944008206463,0.005825944008206462,4.021975222101093e-08,6.903559690490257e-06,1.0,8,True,8,28,28,True,7.919171783577709e-08,1.359294179803894e-05
8520,0.25,authorized_public_clip,8,0.0016712848774903533,0.0016712848774903537,7.585324599880018e-10,4.538618578737891e-07,20444.371409354695,8,True,8,28,28,True,9.632103825453584e-06,0.0057632926315674664
8520,0.25,oracle_bernstein,8,0.0016712848774903533,0.0016712848774903537,7.585324599880018e-10,4.538618578737891e-07,1.0,8,True,8,28,28,True,1.2256318618971036e-10,7.333470658839433e-08
8520,0.5,authorized_public_clip,8,0.0033255706141718244,0.0033255706141718244,6.125282303289306e-09,1.8418740757885927e-06,18976.535325470846,8,True,8,28,27,True,7.70568306036291e-05,0.0231710101875698
8520,0.5,oracle_bernstein,8,0.0033255706141718244,0.0033255706141718244,6.125282303289306e-09,1.8418740757885927e-06,1.0,8,True,8,28,28,True,1.1129297163752286e-09,3.346582722669764e-07
8520,1.0,authorized_public_clip,8,0.00658316415474014,0.00658316415474014,4.9917368413233965e-08,7.582579931522578e-06,16574.70778504398,8,True,8,28,19,False,0.0006164546448290326,0.09364108660293996
8520,1.0,oracle_bernstein,8,0.00658316415474014,0.00658316415474014,4.9917368413233965e-08,7.582579931522578e-06,1.0,8,True,8,28,28,True,1.1013807606923866e-08,1.6730264271657967e-06
